Pressure,Initial Temperature,Length-to-diameter Ratio,Final Temperature,Final Enthalpy,Reaction Rate,Catalyst Weight,Equipment Volume,Equipment Weight,Equipment Cost,Catalyst Cost,Total Cost,Objective Function
2000000.0,300.0,1.01,302.19107778770194,-6677.692902652527,4.458711663983746e-05,562201.5006231976,395.3317238541941,165234.20205614215,11111636.22630922,11244030.012463951,22355666.23877317,1.3127860748544449
2000000.0,300.0,1.01,302.19107778770194,-6677.692902652527,4.458711663983746e-05,562201.5006231976,395.3317238541941,165234.20205614215,11111636.22630922,11244030.012463951,22355666.23877317,1.3127860748544449
2000000.0,401.0,1.01,421.1807620199784,-6033.649094378556,0.0002061113419331,112408.98500414591,79.07252088779721,33902.09960106855,2957157.416232507,2248179.7000829186,5205337.116315426,0.3178560241194507
3500000.0,300.0,1.01,329.25576273300084,-6547.040271928514,7.344377797829554e-05,409782.00330932176,290.9917791065287,208349.4802913149,13512737.704053668,8195640.0661864355,21708377.770240106,1.3644637574926262
2000000.0,300.0,2.31,302.19107778770194,-6677.692902652527,4.458711663983746e-05,562201.5006231976,394.430107005206,108609.19175139187,7804935.701409213,11244030.012463951,19048965.713873167,1.063824727962252
2000000.0,350.5,1.01,372.5110374672649,-6301.329367404784,0.0001364269849905,200013.8891725243,140.67584386986394,59675.94460752579,4727042.236896741,4000277.783450486,8727320.020347226,0.5253129881421361
2750000.0,300.0,1.01,303.06456595628583,-6680.317325850929,4.537876624655008e-05,552981.1343234746,390.75417442609336,221485.11161554485,14228778.69947262,11059622.686469492,25288401.385942116,1.5396658425504022
1250000.0,300.0,1.01,301.2828057736278,-6675.062487116064,4.3773641336255176e-05,572454.6910938509,400.5678706045356,107318.68563628352,7726937.483018838,11449093.821877018,19176031.30489585,1.0666368210612112
2000000.0,300.0,1.66,302.19107778770194,-6677.692902652527,4.458711663983746e-05,562201.5006231976,394.6962894290222,125732.52411285964,8827399.885011243,11244030.012463951,20071429.8974752,1.1408060144082888
2000000.0,325.25,1.01,348.1992802111308,-6432.908975539709,9.885522078657658e-05,288464.23816726095,202.8691378439424,85559.32950600966,6388852.559490124,5769284.763345219,12158137.322835345,0.7253491295837199
2375000.0,300.0,1.01,302.6520815487896,-6678.900114012862,4.5003786724148354e-05,557525.4249287905,393.00450590296464,193569.21754048887,12698879.411157662,11150508.49857581,23849387.909733474,1.4283288567329364
1625000.0,300.0,1.01,301.7284881041047,-6676.429312167669,4.417157389999834e-05,567087.0653410064,397.78964167845743,136478.1970873099,9458251.923833769,11341741.306820128,20799993.230653897,1.192440970667427
2000000.0,300.0,1.335,302.19107778770194,-6677.692902652527,4.458711663983746e-05,562201.5006231976,394.93377341116434,140641.0478798441,9700613.705769183,11244030.012463951,20944643.71823314,1.2065502471574423
2000000.0,300.0,0.685,302.19107778770194,-6677.692902652527,4.458711663983746e-05,562201.5006231976,396.1208995216985,213300.31159050245,13783387.399745896,11244030.012463951,25027417.41220985,1.513942111118027
2000000.0,312.625,1.01,336.06150597727844,-6498.062352946008,8.210286271532163e-05,354228.3129552794,249.1089014734119,104748.1311062877,7571151.555088971,7084566.259105588,14655717.81419456,0.870067335520109
2187500.0,300.0,1.01,302.3786034272379,-6678.507298639024,4.4756300759184975e-05,559932.7808258631,394.2189377036627,179482.55845062807,11914491.43735718,11198655.616517264,23113147.05387444,1.3713113777838752
1812500.0,300.0,1.01,301.9366278825575,-6677.1870904099,4.435822798760102e-05,564891.4016244139,396.736329304144,150982.9298378679,10298147.233263113,11297828.03248828,21595975.26575139,1.2538169004646358
2000000.0,300.0,1.1725,302.19107778770194,-6677.692902652527,4.458711663983746e-05,562201.5006231976,395.1042796630597,151223.4647293212,10311970.255952029,11244030.012463951,21556000.26841598,1.2525792567453269
2000000.0,300.0,0.8475,302.19107778770194,-6677.692902652527,4.458711663983746e-05,562201.5006231976,395.6491177893053,184645.57436219856,12203019.67039648,11244030.012463951,23447049.682860438,1.394956289595624
2000000.0,306.3125,1.01,329.99958572245384,-6530.467290258015,7.43633245741729e-05,394956.25621754,277.7447818425166,116613.98478436576,8285713.496910214,7899125.124350799,16184838.621261014,0.958363733060724
2093750.0,300.0,1.01,302.3848094957351,-6678.312803944553,4.476190703354216e-05,560876.8646396475,394.6419639476219,172314.86304225517,11511856.6405612,11217537.29279295,22729393.93335415,1.3417966708032574
1906250.0,300.0,1.01,302.15321047909134,-6676.972487179542,4.455300422439624e-05,563539.757149059,396.02990596579394,158123.75485345995,10707134.0162057,11270795.14298118,21977929.15918688,1.283464639434901
2000000.0,300.0,1.09125,302.19107778770194,-6677.692902652527,4.458711663983746e-05,562201.5006231976,395.20928332002507,157704.54808003842,10683201.898313262,11244030.012463951,21927231.91077721,1.2805292718722785
2000000.0,300.0,0.92875,302.19107778770194,-6677.692902652527,4.458711663983746e-05,562201.5006231976,395.476208857166,174087.6426344489,11611669.935933422,11244030.012463951,22855699.948397376,1.3504335923426831
2000000.0,303.15625,1.01,302.3083523882577,-6677.077070651556,4.469287144135313e-05,561945.0069711439,395.1513915301245,165159.74263291137,11107414.060020128,11238900.13942288,22346314.199443005,1.3122509349166087
2046875.0,300.0,1.01,302.29053526509324,-6677.62949517181,4.467679385757723e-05,561786.3019944301,395.16078219995126,168852.11099116952,11316446.043676555,11235726.039888602,22552172.08356516,1.3278545193665938
1953125.0,300.0,1.01,302.0998308811271,-6677.712399652208,4.450494689544252e-05,563263.8880870972,395.9573628804761,161794.76197447002,10916305.001305344,11265277.761741944,22181582.76304729,1.298979449907152
2000000.0,300.0,1.050625,302.19107778770194,-6677.692902652527,4.458711663983746e-05,562201.5006231976,395.2680694923986,161323.09732532504,10889470.119487628,11244030.012463951,22133500.13195158,1.2960591977842053
2000000.0,300.0,0.969375,302.19107778770194,-6677.692902652527,4.458711663983746e-05,562201.5006231976,395.4008623220621,169474.6452100531,11351620.978079256,11244030.012463951,22595650.99054321,1.3308545169720034
2000000.0,301.578125,1.01,302.15765705812333,-6677.86838456055,4.455700899344065e-05,562409.6708733736,395.4780815631827,165294.6331177589,11115062.714966604,11248193.417467471,22363256.13243408,1.3132203777528897
2000000.0,298.421875,1.01,302.2200422003295,-6677.540813429261,4.461322056568895e-05,563087.7581946678,395.9548225866045,165491.47810067123,11126222.677638546,11261755.163893357,22387977.841531903,1.3146349590090614
2023437.5,300.0,1.01,302.2917176796492,-6677.393893441165,4.4677860711506136e-05,562008.8328104031,395.25677505695,167048.17839084397,11214408.595749447,11240176.65620806,22454585.25195751,1.320360610377409
1976562.5,300.0,1.01,302.263502021947,-6677.083026988412,4.465240722081445e-05,562671.7888815053,395.60178670332834,163498.71843200736,11013152.41084922,11253435.777630106,22266588.188479327,1.3057695722442553
2000000.0,300.0,1.0303125,302.19107778770194,-6677.692902652527,4.458711663983746e-05,562201.5006231976,395.2992519371885,163239.9172369421,10998452.77118501,11244030.012463951,22242482.783648964,1.304264497160472
2000000.0,300.0,0.9896875,302.19107778770194,-6677.692902652527,4.458711663983746e-05,562201.5006231976,395.36556511979,167310.72157645697,11229269.296961898,11244030.012463951,22473299.309425853,1.3216426639190504
2000000.0,300.7890625,1.01,302.2421195773147,-6677.424883520211,4.463312436506114e-05,562279.695613802,395.3867002008008,165256.90179741516,11112923.341507696,11245593.91227604,22358517.253783736,1.3129492138033434
2000000.0,299.2109375,1.01,302.1517561233603,-6677.899367710555,4.455169442419359e-05,562954.6288295193,395.8612236881047,165452.83154039472,11124031.800187524,11259092.576590383,22383124.37677791,1.314357245760667
2011718.75,300.0,1.01,302.30243861362493,-6677.222863068784,4.468753462427043e-05,562176.5859275209,395.3444710585409,166162.18877480167,11164233.128929747,11243531.718550418,22407764.847480163,1.3167249904482556
1988281.25,300.0,1.01,302.2974584567912,-6677.019523208941,4.468304066500621e-05,562452.9030365901,395.4781977884192,164371.53083906666,11062701.557040712,11249058.060731802,22311759.617772512,1.3093147264829907
2000000.0,300.0,1.02015625,302.19107778770194,-6677.692902652527,4.458711663983746e-05,562201.5006231976,395.3153218688565,164227.08732103932,11054504.297662696,11244030.012463951,22298534.310126647,1.308484614289969
2000000.0,300.0,0.99984375,302.19107778770194,-6677.692902652527,4.458711663983746e-05,562201.5006231976,395.34846807196817,166261.86923194616,11169880.243936384,11244030.012463951,22413910.25640034,1.3171712645526592
2000000.0,300.39453125,1.01,302.1797709631865,-6677.752272119726,4.457692919145017e-05,562501.9741905237,395.5429770110957,165321.42837355097,11116581.96688167,11250039.483810475,22366621.450692147,1.3134129441880875
2000000.0,299.60546875,1.01,302.2303684567437,-6677.486589914168,4.462252944676355e-05,562663.9134681424,395.6568312258218,165368.43856102985,11119247.28669444,11253278.269362848,22372525.55605729,1.3137507805251305
2005859.375,300.0,1.01,302.29039291295805,-6677.228759063388,4.4676665419038505e-05,562287.0828413094,395.4070288640909,165726.74454469603,11139558.301534072,11245741.656826189,22385299.95836026,1.3149608159219008
1994140.625,300.0,1.01,302.2693202743722,-6677.224661713446,4.465765511512476e-05,562564.4351041504,395.5717488021321,164871.63821365827,11091074.62177124,11251288.702083008,22342363.323854245,1.3115454023667137
2000000.0,300.0,1.015078125,302.19107778770194,-6677.692902652527,4.458711663983746e-05,562201.5006231976,395.3234807282144,164728.11419023684,11082933.260091951,11244030.012463951,22326963.272555903,1.3106250297052269
2000000.0,300.0,1.004921875,302.19107778770194,-6677.692902652527,4.458711663983746e-05,562201.5006231976,395.340052531741,165745.42764270926,11140617.195097407,11244030.012463951,22384647.20756136,1.3149680508058248
2000000.0,300.197265625,1.01,302.1532842312158,-6677.891344344223,4.45530706466118e-05,562535.4549383438,395.5665162312042,165331.1476815753,11117133.028339451,11250709.098766876,22367842.12710633,1.3134827921791057
2000000.0,299.802734375,1.01,302.2263169369749,-6677.507864659632,4.461887694310581e-05,562633.3008485172,395.6353084935112,165359.55187450297,11118743.450114302,11252666.016970344,22371409.467084646,1.313686917432323
2002929.6875,300.0,1.01,302.2734174620253,-6677.289220308865,4.466135090267375e-05,562592.1386530532,395.61394028009664,165581.57784292486,11131330.143250164,11251842.773061063,22383172.916311227,1.3145997041671744
1997070.3125,300.0,1.01,302.31857817038554,-6676.994684105719,4.4702100569007074e-05,562319.1133297615,395.4068455968951,165034.4846587083,11100310.755370922,11246382.266595231,22346693.021966152,1.312032999990374
2000000.0,300.0,1.0125390625,302.19107778770194,-6677.692902652527,4.458711663983746e-05,562201.5006231976,395.327591678173,164980.52073941316,11097250.244625092,11244030.012463951,22341280.257089045,1.3117029548835015
2000000.0,300.0,1.0074609375,302.19107778770194,-6677.692902652527,4.458711663983746e-05,562201.5006231976,395.3358774176981,165489.16777869436,11126091.70740655,11244030.012463951,22370121.719870504,1.3138744274333571
2000000.0,300.0986328125,1.01,302.2910856682309,-6677.167747354115,4.467729046621653e-05,562484.3239284385,395.5305676883251,165316.30458123246,11116291.458188033,11249686.47856877,22365977.936756805,1.3133761218159887
2000000.0,299.9013671875,1.01,302.2624204620048,-6677.31827919742,4.4651431729971885e-05,562553.3503647203,395.5790979208523,165336.34264007266,11117427.568035811,11251067.007294407,22368494.57533022,1.31352012570234
2001464.84375,300.0,1.01,302.29648407212574,-6677.15374112686,4.468216144134125e-05,562340.5840309964,395.4332929584367,165391.51254688064,11120555.46264708,11246811.680619927,22367367.14326701,1.313575409113262
1998535.15625,300.0,1.01,302.2741920778746,-6677.242117328549,4.466204965229255e-05,562497.2704883516,395.5358848370072,165203.09568254487,11109872.397215486,11249945.409767032,22359817.80698252,1.3129037968707542
2000000.0,300.0,1.01126953125,302.19107778770194,-6677.692902652527,4.458711663983746e-05,562201.5006231976,395.329655102875,165107.20145170944,11104434.57954646,11244030.012463951,22348464.59201041,1.312243863165059
2000000.0,300.0,1.00873046875,302.19107778770194,-6677.692902652527,4.458711663983746e-05,562201.5006231976,395.3337979523583,165361.5237605093,11118855.247848438,11244030.012463951,22362885.260312397,1.3133295946900372
2000000.0,300.04931640625,1.01,302.310295189467,-6677.066867804135,4.469462479121337e-05,562444.8126153543,395.5027885744757,165304.83461853678,11115641.129533608,11248896.252307087,22364537.38184069,1.313293692040429
2000000.0,299.95068359375,1.01,302.27137396045447,-6677.271261563505,4.465950757710771e-05,562462.0839230667,395.51493146690007,165309.84840502334,11115925.404091127,11249241.678461336,22365167.082552463,1.313329724065759
2000732.421875,300.0,1.01,302.2937075081016,-6677.161150654758,4.467965610639695e-05,562347.7857690889,395.4364642404947,165335.13634763804,11117359.174733974,11246955.71538178,22364314.890115757,1.3133408606862462
1999267.578125,300.0,1.01,302.30393602084854,-6677.093091947938,4.468888590233767e-05,562318.9868071976,395.4124325792579,165209.84275592092,11110254.981700256,11246379.73614395,22356634.717844203,1.3127815932167024
2000000.0,300.0,1.010634765625,302.19107778770194,-6677.692902652527,4.458711663983746e-05,562201.5006231976,395.3306888114456,165170.66169206356,11108033.235021409,11244030.012463951,22352063.24748536,1.3125148057881657
2000000.0,300.0,1.009365234375,302.19107778770194,-6677.692902652527,4.458711663983746e-05,562201.5006231976,395.3327602336523,165297.82269510924,11115243.561286343,11244030.012463951,22359273.57375029,1.313057670956914
2000000.0,300.024658203125,1.01,302.31644920957257,-6677.034549212063,4.4700179003710464e-05,561205.3594064347,394.6313693912854,164945.02333967606,11095236.96254748,11224107.188128697,22319344.150676176,1.3107076313557406
2000000.0,299.975341796875,1.01,302.29251822397856,-6677.1602243017205,4.467858302595403e-05,562368.2519421489,395.4489612648818,165282.60936840746,11114380.973910958,11247365.038842978,22361746.012753934,1.3131339671634004
2000366.2109375,300.0,1.01,302.2677971572234,-6677.293630955721,4.465628126857577e-05,562434.2835161532,395.4963320911158,165331.01666345395,11117125.599958472,11248685.670323065,22365811.27028154,1.3133965394840514
1999633.7890625,300.0,1.01,302.3008938900034,-6677.112653596307,4.468614067550019e-05,562367.2732747145,395.44732712591576,165253.0901762307,11112707.217744824,11247345.46549429,22360052.683239117,1.313007121187204
2000000.0,300.0,1.0103173828125,302.19107778770194,-6677.692902652527,4.458711663983746e-05,562201.5006231976,395.3312061658895,165202.4218491984,11109834.188196875,11244030.012463951,22353864.20066083,1.3126503994788783
2000000.0,300.0,1.0096826171875,302.19107778770194,-6677.692902652527,4.458711663983746e-05,562201.5006231976,395.332241876676,165266.00233180204,11113439.350343592,11244030.012463951,22357469.362807546,1.3129218319890357
1000000.0000000008,326.0799587253707,3.0,347.6848180773944,-6427.860366767252,9.81131827691693e-05,288391.17141084094,201.25686794219288,27634.41155477213,2499713.466584209,5767823.428216819,8267536.894801028,0.4324741183733379
1000000.0000000008,326.0799587253707,3.0,347.6848180773944,-6427.860366767252,9.81131827691693e-05,288391.17141084094,201.25686794219288,27634.41155477213,2499713.466584209,5767823.428216819,8267536.894801028,0.4324741183733379
1000000.0000000008,326.0799587253707,0.4,347.6848180773944,-6427.860366767252,9.81131827691693e-05,288391.17141084094,202.12884085520756,84776.59412123816,6339830.701137681,5767823.428216819,12107654.1293545,0.7215963874567364
1000000.0000000008,427.0799587253707,3.0,445.6740243850132,-5891.853768890704,0.0002103149584791,90749.27958578264,63.35736934817821,9278.286737199986,1042421.103394521,1814985.591715653,2857406.695110174,0.1553495744194045
2500000.000000001,326.0799587253707,3.0,349.7181536340946,-6428.549731207992,0.0001010614602915,282780.54232546844,198.86206151322767,62090.68328988699,4886085.869140738,5655610.846509369,10541696.715650108,0.6073917283031772
1000000.0000000008,326.0799587253707,1.7000000000000002,347.6848180773944,-6427.860366767252,9.81131827691693e-05,288391.17141084094,201.33847142383365,34106.020555185605,2971814.525601079,5767823.428216819,8739637.953817898,0.4680185877430353
1000000.0000000008,376.5799587253707,3.0,396.741502647454,-6162.574177792276,0.0001752397159411,145815.18069288778,101.78224477876608,14480.34905042778,1480831.5855964737,2916303.6138577554,4397135.199454229,0.2349989627950003
1750000.000000001,326.0799587253707,3.0,348.6543356342502,-6428.526814362014,9.951379819338238e-05,285697.7233587519,200.14560428697013,45041.47282636341,3740558.0934603047,5713954.467175039,9454512.560635343,0.5236158765110103
1000000.0000000008,326.0799587253707,2.35,347.6848180773944,-6427.860366767252,9.81131827691693e-05,288391.17141084094,201.2835022754033,29934.770003799105,2669247.708857845,5767823.428216819,8437071.137074664,0.4452383445205086
1000000.0000000008,351.3299587253707,3.0,372.2257793944321,-6295.938438689316,0.0001359656927815,199601.90077007448,139.31081315906755,19481.88079699889,1880037.34185505,3992038.0154014896,5872075.357256539,0.3106131472304875
1000000.0000000008,300.8299587253707,3.0,301.14100900670434,-6673.312116546536,4.364753433810736e-05,574782.4605157817,401.0433785924838,53466.458956088645,4313499.935679014,11495649.210315634,15809149.145994648,0.8116108968508383
1375000.000000001,326.0799587253707,3.0,348.15867404537,-6428.268588243032,9.879655489211424e-05,287070.4671673713,200.72129826544452,36379.78417723254,3134374.468958566,5741409.3433474265,8875783.812305992,0.479139066817257
1000000.0000000008,326.0799587253707,2.675,347.6848180773944,-6427.860366767252,9.81131827691693e-05,288391.17141084094,201.26798995811532,28636.515535125225,2573817.9721887577,5767823.428216819,8341641.400405576,0.4380534435608362
1000000.0000000008,338.7049587253707,3.0,359.9578393740408,-6362.086114516462,0.0001164903863488,238209.0483608144,166.24665687800086,23039.716982319875,2154480.621645893,4764180.967216288,6918661.588862181,0.3639766892936014
1000000.0000000008,313.4549587253707,3.0,335.40840119725334,-6493.2464226838,8.12482302144349e-05,354620.9513392787,247.46108240783707,33658.495400935884,2939630.6662403564,7092419.026785575,10032049.693025932,0.5216928872030697
1187500.000000001,326.0799587253707,3.0,347.9191265393416,-6428.082573881353,9.845080678747986e-05,287737.0871561736,200.9939200689861,32017.224520762997,2821040.735720534,5754741.743123472,8575782.478844006,0.4561128180491197
1000000.0000000008,326.0799587253707,2.8375,347.6848180773944,-6427.860366767252,9.81131827691693e-05,288391.17141084094,201.26197983021268,28104.86229629771,2534552.117427076,5767823.428216819,8302375.545643894,0.4350971189663563
1000000.0000000008,332.3924587253707,3.0,353.8218680912736,-6395.020803047324,0.0001071336692581,261614.265942168,182.57578487301387,25186.445425554644,2316953.149954576,5232285.318843359,7549238.468797935,0.3960337403427584
1000000.0000000008,319.7674587253707,3.0,341.54691220618054,-6460.602908944691,8.947359041989845e-05,319146.4575931872,222.7130644324569,30436.81968432007,2705983.8169387714,6382929.151863744,9088912.968802515,0.4740543022372777
1093750.000000001,326.0799587253707,3.0,347.8013308234186,-6427.975912360455,9.828100078491342e-05,288065.6659273061,201.1265805142457,29828.30952487807,2661445.923690032,5761313.318546122,8422759.242236154,0.4443752413720471
1000000.0000000008,326.0799587253707,2.91875,347.6848180773944,-6427.860366767252,9.81131827691693e-05,288391.17141084094,201.25932158202903,27862.63210509761,2516625.076766008,5767823.428216819,8284448.504982826,0.4337473928102794
1000000.0000000008,329.2362087253707,3.0,350.7534646186129,-6411.452591558898,0.0001025783192743,274546.13445448526,191.5978340144367,26369.69093510925,2405609.50368924,5490922.689089705,7896532.192778945,0.4136621218902565
1000000.0000000008,322.9237087253707,3.0,344.61595713760045,-6444.243888301755,9.374344633492384e-05,303228.7228203848,211.60822905439852,28987.562381983545,2599684.933819528,6064574.456407696,8664259.390227225,0.4525685507078484
1046875.0000000008,326.0799587253707,3.0,347.7429157889923,-6427.919239653254,9.81968460105852e-05,288228.7989203829,201.1920179350061,28731.978481808663,2580856.864650735,5764575.978407659,8345432.843058394,0.4384458700314409
1000000.0000000008,326.0799587253707,2.959375,347.6848180773944,-6427.860366767252,9.81131827691693e-05,288391.17141084094,201.25807031021188,27746.84353535819,2508047.514075113,5767823.428216819,8275870.942291932,0.433101588467099
1000000.0000000008,327.6580837253707,3.0,349.21916997946425,-6419.659495694543,0.000100334132972,281349.731878432,196.3443973970543,26991.448125320552,2451955.1801120653,5626994.63756864,8078949.817680705,0.4229142148908871
1000000.0000000008,324.5018337253707,3.0,346.1504125485544,-6436.05517453512,9.591609361083104e-05,295680.6097460199,206.3423297490108,28299.471287860284,2548938.004846953,5913612.194920397,8462550.199767351,0.4423544738644604
1023437.5000000008,326.0799587253707,3.0,347.713827485228,-6427.890076911057,9.815495329447212e-05,288310.0797282706,201.22451599253628,28183.3488931696,2540355.796421369,5766201.594565412,8306557.390986782,0.4354653920884281
1000000.0000000008,326.0799587253707,2.9796875,347.6848180773944,-6427.860366767252,9.81131827691693e-05,288391.17141084094,201.257463146864,27690.21664897854,2503850.6670036926,5767823.428216819,8271674.095220512,0.4327856080232295
1000000.0000000008,326.8690212253707,3.0,348.45200096154934,-6423.760687252487,9.92207132450276e-05,284840.0984142497,198.7794597663864,27310.2244561668,2475654.4514955925,5696801.968284994,8172456.419780587,0.4276549145361649
1000000.0000000008,325.2908962253707,3.0,346.9176217848522,-6431.958530483747,9.701161824352888e-05,292004.2359986281,203.7775182775705,27964.122026583325,2524139.005617056,5840084.719972562,8364223.725589618,0.4373734254072717
1011718.7500000008,326.0799587253707,3.0,347.6993129467835,-6427.875290093924,9.81340528016286e-05,288350.64914681145,201.24071018365257,27908.918616708557,2520052.4628515886,5767012.98293623,8287065.445787818,0.4339711177226222
1000000.0000000008,326.0799587253707,2.98984375,347.6848180773944,-6427.860366767252,9.81131827691693e-05,288391.17141084094,201.25716406599057,27662.212436672784,2501774.686171176,5767823.428216819,8269598.114387995,0.4326293075114977
1000000.0000000008,326.4744899753707,3.0,348.0684112242936,-6425.810716247166,9.866620699177412e-05,286607.96703381545,200.01281512915256,27471.63468661459,2487638.5709209475,5732159.34067631,8219797.9115972575,0.4300546043995426
1000000.0000000008,325.6854274753707,3.0,347.3012215782928,-6429.909638335908,9.756165007718509e-05,290189.8731788788,202.51173094167515,27798.569222317037,2511879.990796046,5803797.463577576,8315677.454373622,0.4349136575335511
1005859.3750000008,326.0799587253707,3.0,347.6920630569101,-6427.867845481242,9.812361398333528e-05,288370.9161651542,201.24879361105477,27771.67467444857,2509887.4446761515,5767418.323303084,8277305.767979235,0.4332229603296438
1000000.0000000008,326.0799587253707,2.994921875,347.6848180773944,-6427.860366767252,9.81131827691693e-05,288391.17141084094,201.2570156364696,27648.286710198165,2500742.240513369,5767823.428216819,8268565.668730188,0.4325515747202682
1000000.0000000008,326.2772243503707,3.0,347.8766150734692,-6426.835588833297,9.838950902883516e-05,287497.64219772536,200.63349734128076,27552.851409963027,2493664.618680465,5749952.843954507,8243617.462634973,0.4312618708624413
1000000.0000000008,325.8826931003707,3.0,347.4930202432625,-6428.885049959625,9.78372293948505e-05,289288.5749400388,201.88294106762729,27716.31689668376,2505785.221472776,5785771.498800776,8291556.720273551,0.4336913721425452
1002929.6875000008,326.0799587253707,3.0,347.68843995379103,-6427.864110371078,9.811839742642438e-05,288381.0452585741,201.2528319129093,27703.04551060392,2504801.578411404,5767620.905171482,8272422.483582886,0.4328486251312391
1000000.0000000008,326.0799587253707,2.9974609375,347.6848180773944,-6427.860366767252,9.81131827691693e-05,288391.17141084094,201.2569416976757,27641.34282735386,2500227.395737356,5767823.428216819,8268050.823954174,0.432512812078199
1000000.0000000008,326.1785915378707,3.0,347.78071668063944,-6427.347989639247,9.825129936196098e-05,287943.9237844106,200.94484571171813,27593.58844396369,2496686.1859510005,5758878.475688212,8255564.661639212,0.431867370414822
1000000.0000000008,325.9813259128707,3.0,347.5889192646352,-6428.372720202411,9.797515939788338e-05,288839.38761431206,201.56956580241743,27675.32096468465,2502746.473954101,5776787.752286241,8279534.2262403425,0.4330821178940377
1001464.8437500008,326.0799587253707,3.0,347.6866288623071,-6427.862239642049,9.811578986042658e-05,288386.1087022267,201.25485021152957,27668.729131538657,2502257.803543756,5767722.174044535,8269979.97758829,0.4326613932235196
1000000.0000000008,326.0799587253707,2.99873046875,347.6848180773944,-6427.860366767252,9.81131827691693e-05,288391.17141084094,201.2569047970516,27637.87561680536,2499970.316851835,5767823.428216819,8267793.745068654,0.4324934566194525
1000000.0000000008,326.1292751316207,3.0,347.73276740526256,-6427.604181176032,9.818222942207512e-05,288167.4266842622,201.10077248397323,27613.989225889494,2498199.1112622875,5763348.533685244,8261547.644947531,0.4321705881462843
1000000.0000000008,326.0306423191207,3.0,347.6368686971475,-6428.116546457613,9.804415942165028e-05,288615.1582815573,201.41313230776456,27654.855458420174,2501229.253589713,5772303.165631146,8273532.419220859,0.4327779614907894
1000732.4218750008,326.0799587253707,3.0,347.6857234315359,-6427.861303484047,9.811448625546584e-05,288388.64014839905,201.25585914784497,27651.570492849685,2500985.705369413,5767772.8029679805,8268758.508337393,0.4325677611695327
1000000.0000000008,326.0799587253707,2.999365234375,347.6848180773944,-6427.860366767252,9.81131827691693e-05,288391.17141084094,201.25688636390552,27636.14319247712,2499841.8631587485,5767823.428216819,8267665.291375567,0.4324837853461687
1000000.0000000008,326.1046169284957,3.0,347.7087927478824,-6427.732274701799,9.814770318359767e-05,288279.2687993853,201.17879911350977,27624.19769522429,2498956.1100674234,5765585.375987706,8264541.486055129,0.4323223141732024
1000000.0000000008,326.0553005222457,3.0,347.6608433938117,-6427.988457357491,9.80786681810884e-05,288503.1345583232,201.33497899770865,27644.630808010643,2500471.181021852,5770062.691166462,8270533.872188315,0.4326260007960632
1000366.2109375008,326.0799587253707,3.0,347.68527074488753,-6427.860835192705,9.811383449748628e-05,288389.90580258373,201.25636356276308,27642.991061232133,2500349.603558664,5767798.116051675,8268147.719610339,0.4325209411146229
1000000.0000000008,326.0799587253707,2.9996826171875,347.6848180773944,-6427.860366767252,9.81131827691693e-05,288391.17141084094,201.25687715162056,27635.27727532829,2499777.657733904,5767823.428216819,8267601.085950723,0.4324789513223655
1000000.0,429.8921215830442,3.0,448.39480425139527,-5876.629580145682,0.0002079191248335,88979.44668570247,62.12229121087845,9109.101840077445,1027624.7356039224,1779588.9337140494,2807213.669317972,0.152736486722712
1000000.0,429.8921215830442,3.0,448.39480425139527,-5876.629580145682,0.0002079191248335,88979.44668570247,62.12229121087845,9109.101840077445,1027624.7356039224,1779588.9337140494,2807213.669317972,0.152736486722712
4000000.0,429.8921215830442,3.0,450.3657796142264,-5879.908860480393,0.0002057150840877,88303.70178018318,62.59921614112769,30921.313947535265,2741349.2575900345,1766074.0356036637,4507423.293193698,0.2811903716229957
1000000.0,429.8921215830442,0.4,448.39480425139527,-5876.629580145682,0.0002079191248335,88979.44668570247,62.37810188973116,26863.111586876774,2442402.2302719057,1779588.9337140494,4221991.163985955,0.2592550262677935
1000000.0,328.8921215830441,3.0,350.4189391092045,-6413.242500109578,0.0001020870595923,276009.7808752333,192.618956184727,26503.491785241447,2415596.7120845686,5520195.617504666,7935792.329589235,0.4156537845392897
2500000.0,429.8921215830442,3.0,449.3387160085977,-5878.6554838027605,0.0002069143703791,88652.28296910721,62.37041932181469,20045.09815956078,1923952.5558840227,1773045.6593821442,3696998.215266167,0.2199438599413063
1000000.0,429.8921215830442,1.7000000000000002,448.39480425139527,-5876.629580145682,0.0002079191248335,88979.44668570247,62.14280427236589,11083.146774677154,1197907.0385674622,1779588.9337140494,2977495.972281512,0.1655570343285431
1000000.0,480.3921215830442,3.0,505.0586899048704,-5555.741816749776,1e-06,871222.3729930202,607.8218911011041,79818.77505834836,6027719.151316725,17424447.459860403,23452166.611177128,1.191762565866797
1000000.0,379.3921215830441,3.0,399.4699851095485,-6147.635842343772,0.000179345045812,141246.0142969237,98.5940622730103,14052.422301473527,1445793.4388726482,2824920.2859384743,4270713.724811123,0.2284908032216744
1750000.0,429.8921215830442,3.0,448.8570357430957,-5877.73487127384,0.0002074386001738,88818.42049618093,62.24866522573368,14583.99882804224,1489294.791816304,1776368.409923619,3265663.2017399226,0.1873592151980472
1000000.0,429.8921215830442,2.35,448.39480425139527,-5876.629580145682,0.0002079191248335,88979.44668570247,62.1283946533706,9804.645171245304,1088199.945118387,1779588.9337140494,2867788.878832436,0.157297191762505
1000000.0,455.1421215830442,3.0,480.6941388258656,-5694.656498899663,0.0001036339859734,78536.30843331116,54.834389587819565,8107.4380337032,939145.1889553508,1570726.1686662233,2509871.357621574,0.1372294014643855
1000000.0,404.6421215830441,3.0,423.9498406935151,-6012.771997680868,0.0002083814181,109125.28545462496,76.18067655389622,11026.487949366992,1193086.9958145402,2182505.7090925,3375592.70490704,0.1822579014717487
1375000.0,429.8921215830442,3.0,448.623592104576,-5877.204671164955,0.000207684023505,88899.5491069413,62.18603679898983,11848.205649338192,1262638.406875286,1777990.982138826,3040629.389014112,0.170362982182356
1000000.0,429.8921215830442,2.675,448.39480425139527,-5876.629580145682,0.0002079191248335,88979.44668570247,62.12470855259452,9410.813560024775,1053983.2010284064,1779588.9337140494,2833572.134742456,0.1547210145034033
1000000.0,442.5171215830442,3.0,463.8592156851956,-5789.852702891434,0.0001781571298576,82203.61562311497,57.39370705091133,8459.876821801785,970454.391702759,1644072.3124622994,2614526.704165058,0.14269292339396
1000000.0,417.2671215830441,3.0,436.1766968538813,-5944.857208674754,0.0002135244321789,97815.48288349944,68.28845093569979,9952.275978701966,1100972.8676929916,1956309.657669989,3057282.525362981,0.1657430936120305
1187500.0,429.8921215830442,3.0,448.5086337043316,-5876.922631314004,0.0002078028236435,88939.64716464569,62.15430012260549,10479.059033172342,1146321.6952972922,1778792.943292914,2925114.6385902064,0.1616394652760904
1000000.0,429.8921215830442,2.8375,448.39480425139527,-5876.629580145682,0.0002079191248335,88979.44668570247,62.123370992476495,9250.447320810625,1039989.158275928,1779588.9337140494,2819578.0919899773,0.1536674035985485
1000000.0,436.2046215830442,3.0,455.0610524653669,-5839.341537719572,0.0001987378667215,85410.94248375917,59.6319875658184,8767.490546070374,997621.7449178376,1708218.8496751832,2705840.5945930206,0.1474549967658235
1000000.0,423.5796215830441,3.0,442.2868353212403,-5910.782135790194,0.0002123252172635,93108.48186559466,65.00372792231069,9503.573081394825,1062061.3235769186,1862169.637311893,2924230.9608888114,0.1588265585237979
1093750.0,429.8921215830442,3.0,448.4515807204104,-5876.777465200032,0.0002078612809487,88959.58342600736,62.13832908905943,9794.180697817985,1087293.475292173,1779191.6685201472,2866485.14381232,0.1572121192663821
1000000.0,429.8921215830442,2.91875,448.39480425139527,-5876.629580145682,0.0002079191248335,88979.44668570247,62.12280184389735,9177.5985573194,1033620.1624487666,1779588.9337140494,2813209.096162816,0.153187882163952
1000000.0,433.0483715830442,3.0,451.4479845056155,-5859.524449681843,0.0002043285123828,87124.23467408893,60.82762337871669,8931.58559851688,1012055.3376909792,1742484.6934817787,2754540.031172758,0.1499928804845034
1000000.0,426.7358715830442,3.0,445.3410892703711,-5893.715501612032,0.0002105589721642,90973.46179168668,63.51381441880057,9299.706084812176,1044291.4707517908,1819469.235833733,2863760.706585524,0.1556802793282524
1046875.0,429.8921215830442,3.0,448.423158350062,-5876.703860035146,0.0002078902787986,88969.52405398728,62.13031841229801,9451.666201911525,1057542.3885072868,1779390.4810797456,2836932.869587032,0.1549805809941876
1000000.0,429.8921215830442,2.959375,448.39480425139527,-5876.629580145682,0.0002079191248335,88979.44668570247,62.12253954652793,9142.828957885918,1030577.6674774188,1779588.9337140494,2810166.601191468,0.1529588128423501
1000000.0,431.4702465830442,3.0,449.9214609290872,-5868.079411288703,0.000206247657407,88034.58331726694,61.46291518896042,9018.714438789651,1019702.8810520164,1760691.6663453388,2780394.5473973555,0.1513397399705525
1000000.0,428.3139965830442,3.0,446.8680138820081,-5885.174946820343,0.0002093529699053,89958.99225269709,62.80586811519,9202.759488984842,1035820.7777274275,1799179.845053942,2835000.6227813694,0.1541832532855947
1023437.5,429.8921215830442,3.0,448.4089728263036,-5876.666804080809,0.0002079047206913,88974.48760139095,62.12630686405607,9280.390237704036,1042604.8126537683,1779489.752027819,2822094.5646815877,0.1538601357052603
1000000.0,429.8921215830442,2.9796875,448.39480425139527,-5876.629580145682,0.0002079191248335,88979.44668570247,62.122413673116064,9125.83779798976,1029090.234222395,1779588.9337140494,2808679.1679364443,0.1528468240535879
1000000.0,430.6811840830442,3.0,449.1581492657253,-5872.355095392073,0.000207113715848,88502.6920017112,61.78958664313805,9063.500259766734,1023629.54152275,1770053.840034224,2793683.381556974,0.1520318717674219
1000000.0,429.1030590830442,3.0,447.63142581351633,-5880.902864372338,0.0002086651325381,89464.87076055692,62.46104519063013,9155.520872927444,1031688.467425327,1789297.4152111383,2820985.882636465,0.1534536049600812
1011718.75,429.8921215830442,3.0,448.4018864281251,-5876.648213064278,0.0002079119274681,88976.96769903015,62.124299548837634,9194.747591002008,1035120.142380548,1779539.3539806032,2814659.496361152,0.1532987158599378
1000000.0,429.8921215830442,2.98984375,448.39480425139527,-5876.629580145682,0.0002079191248335,88979.44668570247,62.12235202043129,9117.438249346398,1028354.77092416,1779588.9337140494,2807943.7046382097,0.1527914510520295
1000000.0,430.2866528330442,3.0,448.7764809320264,-5874.492487778867,0.0002075239231061,88739.98724249708,61.95518384639962,9086.198984634248,1025618.5724808626,1774799.7448499417,2800418.317330804,0.1523826177523172
1000000.0,429.4975903330442,3.0,448.0131192148387,-5878.766372388209,0.0002082994765099,89221.07340423318,62.29091087784648,9132.209051823287,1029648.0325902798,1784421.4680846636,2814069.5006749434,0.1530934814092631
1005859.375,429.8921215830442,3.0,448.3983448130925,-5876.638901850189,0.0002079155273255,88978.20733092655,62.12329550747521,9151.92510330931,1031373.788127642,1779564.146618531,2810937.934746173,0.1530177029850365
1000000.0,429.8921215830442,2.994921875,448.39480425139527,-5876.629580145682,0.0002079191248335,88979.44668570247,62.12232151085975,9113.262193117434,1027989.0782061548,1779588.9337140494,2807578.0119202044,0.1527639180622902
1000000.0,430.0893872080442,3.0,448.585643635643,-5875.561071490849,0.0002077233899183,88859.44625359101,62.03854862943749,9097.624882572702,1026619.5124698152,1777188.9250718202,2803808.437541636,0.1525591617035432
1000000.0,429.6948559580442,3.0,448.2039627781644,-5877.698013788069,0.0002081111472527,89099.98893212092,62.20641186478471,9120.629886230849,1028634.24216812,1781999.7786424183,2810634.0208105384,0.1529145931643972
1002929.6875,429.8921215830442,3.0,448.39657440070704,-5876.634242301787,0.000207917326373,88978.82704291471,62.122793391052255,9130.513568603465,1029499.6000414984,1779576.540858294,2809076.1408997923,0.1528771203444168
1000000.0,429.8921215830442,2.9974609375,448.39480425139527,-5876.629580145682,0.0002079191248335,88979.44668570247,62.12230633474442,9111.180058771824,1027806.7385679748,1779588.9337140494,2807395.6722820243,0.1527501897184104
1000000.0,429.9907543955442,3.0,448.4902242045742,-5876.095335191096,0.0002078217226489,88919.37876786455,62.08037267852568,9103.356977101812,1027121.58862928,1778387.575357291,2805509.1639865707,0.1526477265580876
1000000.0,429.7934887705442,3.0,448.299383775973,-5877.163806369508,0.0002080155988951,89039.65005683356,62.16430426114969,9114.85947518848,1028128.953433848,1780793.0011366713,2808921.9545705197,0.1528254422425566
1001464.84375,429.8921215830442,3.0,448.39568929318295,-5876.63191155156,0.0002079182256766,88979.13687295368,62.12254230893059,9119.80772856394,1028562.2524786162,1779582.7374590735,2808144.9899376896,0.1528068099146265
1000000.0,429.8921215830442,2.99873046875,448.39480425139527,-5876.629580145682,0.0002079191248335,88979.44668570247,62.12229876628949,9110.140460600463,1027715.6950549524,1779588.9337140494,2807304.628769002,0.1527433350560492
1000000.0,429.9414379892942,3.0,448.4425142932562,-5876.362460007871,0.0002078705399079,88949.39579825655,62.101320132146725,9106.227812305777,1027373.028262408,1778987.915965131,2806360.944227539,0.1526920822238569
1000000.0,429.8428051767942,3.0,448.3470940789723,-5876.896695604528,0.0002079674777284,89009.53143645433,62.14328591907769,9111.979060881327,1027876.7106591208,1780190.6287290866,2808067.3393882075,0.152780940060347
1000732.421875,429.8921215830442,3.0,448.39524676407535,-5876.630745938028,0.0002079186752734,88979.29178148835,62.122416761895145,9114.454790376029,1028093.5152192708,1779585.835629767,2807679.350849038,0.1527716499149899
1000000.0,429.8921215830442,2.999365234375,448.39480425139527,-5876.629580145682,0.0002079191248335,88979.44668570247,62.12229498695465,9109.621028211826,1027670.2048283376,1779588.9337140494,2807259.138542387,0.1527399100987532
1000000.0,429.9167797861692,3.0,448.4186592886442,-5876.496020665372,0.0002078948613934,88964.41700945853,62.11180271810253,9107.664427091757,1027498.8484692976,1779288.3401891706,2806787.1886584684,0.152714278368795
1000000.0,429.8674633799192,3.0,448.3709491815041,-5876.7631384488,0.0002079433302659,88994.4848277718,62.13278561102052,9110.540051321084,1027750.6896669596,1779889.696555436,2807640.386222396,0.1527587072863223
1000366.2109375,429.8921215830442,3.0,448.3950255056819,-5876.630163079108,0.000207918900058,88979.36923413549,62.12235398688446,9111.778316740514,1027859.1307078534,1779587.3846827098,2807446.5153905638,0.1527540687180633
1000000.0,429.8921215830442,2.9996826171875,448.39480425139527,-5876.629580145682,0.0002079191248335,88979.44668570247,62.12229309850938,9109.361403622712,1027647.4675916858,1779588.9337140494,2807236.401305735,0.1527381982131383
1000000.0,447.682382742734,3.0,471.1003288941627,-5748.986619925106,0.0001524884249196,80032.447402049,55.87851007778203,8251.315285144145,951950.8217855416,1600648.94804098,2552599.769826521,0.1394607847528303
1000000.0,447.682382742734,3.0,471.1003288941627,-5748.986619925106,0.0001524884249196,80032.447402049,55.87851007778203,8251.315285144145,951950.8217855416,1600648.94804098,2552599.769826521,0.1394607847528303
4000000.0,447.682382742734,3.0,467.3250049311122,-5783.524492969716,0.000166954114495,80094.3943180166,56.78207458648836,28101.15309942493,2534277.7813382656,1601887.886360332,4136165.6676985975,0.258646586420457
1000000.0,447.682382742734,0.4,471.1003288941627,-5748.986619925106,0.0001524884249196,80032.447402049,56.107279425032175,24232.45171349069,2245018.7399970475,1600648.94804098,3845667.6880380274,0.2368158152785399
1000000.0,346.68238274273403,3.0,367.710327325801,-6320.331604113782,0.0001287042880885,212685.39947431776,148.43916647896967,20690.160910880026,1974022.833664752,4253707.989486355,6227730.823151107,0.3287711919630474
2500000.0,447.682382742734,3.0,466.4291832893315,-5782.066164439524,0.0001700333629251,80222.55376429566,56.44232545535723,18194.460775149066,1778927.13197113,1604451.0752859132,3383378.207257044,0.2018848196048997
1000000.0,447.682382742734,1.7000000000000002,471.1003288941627,-5748.986619925106,0.0001524884249196,80032.447402049,55.896495210798896,10024.602470290203,1107220.117837872,1600648.94804098,2707869.0658788523,0.1511510036840895
1000000.0,498.182382742734,3.0,522.2398884768878,-5456.992375558222,1e-06,2654308.704662184,1851.4594641351475,235411.04869242932,14980979.658011092,53086174.09324367,68067153.75125477,3.376148770923161
1000000.0,397.182382742734,3.0,416.72122337434047,-6052.751204838956,0.0002017796162627,117148.52145279569,81.77932434730252,11785.514342752318,1257358.2348283508,2342970.429055914,3600328.6638842644,0.1938926578996929
1750000.0,447.682382742734,3.0,466.0057155327931,-5781.0938345547565,0.0001714436677922,80286.39371820119,56.27154912132217,13238.83647073796,1378730.679622698,1605727.8743640238,2984458.5539867217,0.1718081183315316
1000000.0,447.682382742734,2.35,471.1003288941627,-5748.986619925106,0.0001524884249196,80032.447402049,55.88378890679339,8875.503175154161,1007126.9094880612,1600648.94804098,2607775.857529041,0.1436149901328522
1000000.0,472.932382742734,3.0,497.85782108392016,-5596.935995897258,1e-06,222333.83089583568,155.1707934346082,21579.463969760815,2042669.8288225865,4446676.6179167135,6489346.4467393,0.3421119589802037
1000000.0,422.432382742734,3.0,441.17653589300346,-5916.980748197044,0.0002127650983195,93920.06759168206,65.57008647327915,9581.011979792003,1068796.1660319406,1878401.3518336413,2947197.517865582,0.1600210474163283
1375000.0,447.682382742734,3.0,465.7996992215298,-5780.549329688753,0.0001721193896074,80318.19153351402,56.1858925845273,10760.495999180135,1170408.6556565033,1606363.8306702804,2776772.486326784,0.1561504948240168
1000000.0,447.682382742734,2.675,471.1003288941627,-5748.986619925106,0.0001524884249196,80032.447402049,55.88058318003952,8521.943448719398,975947.664312365,1600648.94804098,2576596.612353345,0.1412675060424211
1000000.0,460.307382742734,3.0,485.6760714057284,-5666.360657041872,7.042152035217451e-05,79162.4684854072,55.27137282706589,8167.669182366022,944510.1085223992,1583249.369708144,2527759.4782305434,0.1381636911407384
1000000.0,435.057382742734,3.0,453.5042593356576,-5848.0793962385305,0.0002013332431768,86016.877841357,60.05484562878347,8825.543246096298,1002732.580694865,1720337.55682714,2723070.137522005,0.1483530259243309
1187500.0,447.682382742734,3.0,467.8716022790035,-5768.080563953126,0.0001650103937126,80391.73930339374,56.18328907473748,9527.635247001344,1064154.882816578,1607834.7860678749,2671989.668884453,0.1482129484714985
1000000.0,447.682382742734,2.8375,471.1003288941627,-5748.986619925106,0.0001524884249196,80032.447402049,55.87943166524445,8378.068411580749,963204.60279657,1600648.94804098,2563853.55083755,0.1403080814635659
1000000.0,453.994882742734,3.0,479.5877823540863,-5700.932595958913,0.0001102373343177,78577.13404068799,54.86288090835156,8111.365810814842,939495.2263880436,1571542.6808137598,2511037.9072018038,0.137290335549266
1000000.0,441.369882742734,3.0,462.2124291958401,-5799.1295154150375,0.0001828312296629,82761.28398601046,57.78288605340445,8513.403200073535,975192.1575615116,1655225.6797202092,2630417.8372817207,0.1435219814080437
1093750.0,447.682382742734,3.0,469.4066577958641,-5758.982183804716,0.0001592825180014,80280.06175082744,56.07829660404227,8895.094909225521,1008849.127246418,1605601.235016549,2614450.362262967,0.1439543881715786
1000000.0,447.682382742734,2.91875,471.1003288941627,-5748.986619925106,0.0001524884249196,80032.447402049,55.87894478573554,8312.733153638595,957407.0234710936,1600648.94804098,2558055.9715120737,0.1398715819539441
1000000.0,450.838632742734,3.0,475.4192000275231,-5724.554829901064,0.0001327760669888,79087.80281480816,55.2192653649132,8160.488212595061,943870.7963085691,1581756.0562961632,2525626.8526047324,0.1380523146285159
1000000.0,444.526132742734,3.0,466.6953344965342,-5773.861230408753,0.0001691321721789,81286.59312892127,56.75374447543795,8371.82078604657,962650.5085004808,1625731.8625784256,2588382.3710789066,0.1413286402555224
1046875.0,447.682382742734,3.0,470.2144668715294,-5754.205105056966,0.0001561052300773,80176.47329097663,55.99249635914637,8574.736150707158,980615.4157425596,1603529.4658195323,2584144.8815620923,0.1417409325179356
1000000.0,447.682382742734,2.959375,471.1003288941627,-5748.986619925106,0.0001524884249196,80032.447402049,55.87872120903493,8281.555048497912,954638.0012277917,1600648.94804098,2555286.949268772,0.1396631023828201
1000000.0,449.260507742734,3.0,473.2439059955127,-5736.865805169548,0.0001431458964871,79519.56601284251,55.520582805836746,8202.008496182289,947566.1280548484,1590391.3202568502,2537957.4483116986,0.1386962446306723
1000000.0,446.104257742734,3.0,468.8747229510209,-5761.560035755838,0.0001613128607199,80632.67052549426,56.29739009228723,8308.999439986907,957075.503235786,1612653.4105098853,2569728.9137456715,0.1403550180204119
1023437.5,447.682382742734,3.0,470.6477076503769,-5751.650679161752,0.0001543538764835,80109.79706008291,55.93922205020019,8413.40693404046,966337.5681448808,1602195.9412016582,2568533.509346539,0.1406094783876726
1000000.0,447.682382742734,2.9796875,471.1003288941627,-5748.986619925106,0.0001524884249196,80032.447402049,55.87861412321075,8266.320314072105,953284.3897144172,1600648.94804098,2553933.337755397,0.1395611890274978
1000000.0,448.471445242734,3.0,472.1062144406744,-5743.30017942747,0.0001482099966508,79777.15309492672,55.70034656632398,8226.774018434306,949768.9388158568,1595543.0618985344,2545312.0007143915,0.1390802735220237
1000000.0,446.893320242734,3.0,469.98176143508334,-5755.307325994576,0.0001570322296428,80325.2758754123,56.08286752887228,8279.460025754921,954451.8798852428,1606505.517508246,2560957.397393489,0.1398971185567484
1011718.75,447.682382742734,3.0,470.87160414765066,-5750.332308163846,0.0001534356898633,80072.48980739934,55.90981891314012,8332.455803659477,959157.847319558,1601449.7961479868,2560607.643467545,0.1400373178090683
1000000.0,447.682382742734,2.98984375,471.1003288941627,-5748.986619925106,0.0001524884249196,80032.447402049,55.87856172477234,8258.789384129925,952615.1257606054,1600648.94804098,2553264.073801585,0.1395108001718658
1000000.0,448.076913992734,3.0,471.60263795755446,-5746.147274052704,0.0001503749584362,79902.79286284564,55.78802743981355,8238.852157214613,950842.8880726432,1598055.8572569129,2548898.745329556,0.1392675495134686
1000000.0,447.287851492734,3.0,470.4802482777258,-5752.49087603947,0.0001550347722399,80187.18791997542,55.98649952931552,8266.188541594342,953272.6800519964,1603743.7583995084,2557016.438451505,0.1396913744890327
1005859.375,447.682382742734,3.0,470.98536405185706,-5749.662872990573,0.0001529657276383,80052.93765035059,55.89449142475773,8291.921007637877,955558.8067900764,1601058.753007012,2556617.5597970886,0.1397497852828215
1000000.0,447.682382742734,2.994921875,471.1003288941627,-5748.986619925106,0.0001524884249196,80032.447402049,55.87853580788013,8255.045267537223,952282.3569208308,1600648.94804098,2552931.304961811,0.139485746019568
1000000.0,447.879648367734,3.0,471.29068028068855,-5747.910710608567,0.0001516928990636,79977.41713618199,55.84010584653517,8246.025583980983,951480.6143157836,1599548.3427236397,2551028.9570394238,0.1393787715540432
1000000.0,447.485117117734,3.0,470.7896465847748,-5750.742487153018,0.0001537728331637,80109.4873297514,55.932274281860224,8258.720336384455,952608.9891538428,1602189.746595028,2554798.7357488703,0.1395755918932089
1002929.6875,447.682382742734,3.0,470.98268456073873,-5749.664774244631,0.000152976823808,80053.09993604652,55.89376382121628,8272.61850888401,953844.0318727902,1601061.9987209304,2554906.0305937207,0.1396208174075703
1000000.0,447.682382742734,2.9974609375,471.1003288941627,-5748.986619925106,0.0001524884249196,80032.447402049,55.87852291954818,8253.178514134563,952116.4355309652,1600648.94804098,2552765.383571945,0.1394732538049304
1000000.0,447.781015555234,3.0,471.1955045034771,-5748.448676189388,0.0001520914801864,80004.83692748715,55.85924142666699,8248.661291986353,951714.9110105112,1600096.738549743,2551811.649560254,0.1394196366359098
1000000.0,447.583749930234,3.0,470.8848259949773,-5750.20459026655,0.0001533811873233,80081.28078853516,55.9125896567487,8256.009173354783,952368.0289113282,1601625.6157707032,2553993.644682031,0.1395335587264566
1001464.84375,447.682382742734,3.0,470.9813449985468,-5749.665723403896,0.0001529823706497,80053.18110966291,55.89340003881591,8262.967270814752,952986.4204191916,1601063.6221932585,2554050.0426124497,0.1395563166314349
1000000.0,447.682382742734,2.99873046875,471.1003288941627,-5748.986619925106,0.0001524884249196,80032.447402049,55.87851649285263,8252.246459657223,952033.59025141,1600648.94804098,2552682.53829239,0.1394670163872307
1000000.0,447.731699148984,3.0,471.1479166778238,-5748.71765079161,0.000152290156878,80018.61838044025,55.86885915400112,8249.98600788701,951832.6650938032,1600372.3676088052,2552205.032702608,0.1394401753925714
1000000.0,447.633066336484,3.0,470.9324157575927,-5749.93563365003,0.0001531847553184,80067.24799015198,55.902796524162106,8254.660348309668,952248.1448640992,1601344.9598030397,2553593.1046671392,0.1395126467122925
1000732.421875,447.682382742734,3.0,471.101004700331,-5748.986109560336,0.0001524856121221,80032.40703009919,55.87869206515268,8256.139666149797,952379.627001247,1600648.1406019838,2553027.7676032307,0.1394930352844054
1000000.0,447.682382742734,2.999365234375,471.1003288941627,-5748.986619925106,0.0001524884249196,80032.447402049,55.87851328386526,8251.780762476223,951992.1964228452,1600648.94804098,2552641.144463825,0.1394638998475759
1000000.0,447.70704094585903,3.0,471.1241227807442,-5748.852136051262,0.0001523893419521,80025.52695150803,55.87368047076432,8250.650076962942,951891.6931702556,1600510.5390301603,2552402.232200416,0.1394504712568901
1000000.0,447.657724539609,3.0,471.07653501809057,-5749.121102413143,0.0001525874058363,80039.37971942859,55.88334796623627,8251.98163120215,952010.05082686,1600787.5943885718,2552797.645215432,0.1394711158611976
1000366.2109375,447.682382742734,3.0,471.10066679338416,-5748.986364772523,0.0001524870185472,80032.42721541175,55.8786010710488,8253.72747540656,952165.2290715382,1600648.544308235,2552813.773379773,0.1394769103702741
1000000.0,447.682382742734,2.9996826171875,471.1003288941627,-5748.986619925106,0.0001524884249196,80032.447402049,55.87851168046076,8251.547996337942,951971.5067060448,1600648.94804098,2552620.4547470245,0.1394623421196466
1000000.0,472.8443589796378,3.0,497.7728649833346,-5597.421318477,1e-06,219388.8273397468,153.11609697054027,21308.17136545703,2021774.023361106,4387776.546794936,6409550.5701560415,0.3380442611784307
1000000.0,450.1985803664245,3.0,474.5367941292435,-5729.550076624359,0.0001370933519096,79251.35713016712,55.33340615740148,8176.217618149668,945271.0545119424,1585027.1426033424,2530298.197115285,0.138296272485284
1000000.0,450.1985803664245,3.0,474.5367941292435,-5729.550076624359,0.0001370933519096,79251.35713016712,55.33340615740148,8176.217618149668,945271.0545119424,1585027.1426033424,2530298.197115285,0.138296272485284
4000000.0,450.1985803664245,3.0,469.7249407783736,-5769.837505733574,0.0001580442583319,79317.19322079411,56.231338307782345,27833.96174243203,2514501.6887020976,1586343.8644158822,4100845.55311798,0.2564993465312781
1000000.0,450.1985803664245,0.4,474.5367941292435,-5729.550076624359,0.0001370933519096,79251.35713016712,55.55981953869711,24002.533985052734,2227619.154678517,1585027.1426033424,3812646.297281859,0.2348442083500745
1000000.0,349.19858036642444,3.0,370.15509749796007,-6307.13124053737,0.0001326254919871,205452.14256609677,143.39254136584898,20022.50767336831,1922194.7251626991,4109042.851321935,6031237.576484634,0.3187424001203726
2500000.0,450.1985803664245,3.0,468.8461924360189,-5768.354436343516,0.0001614203852712,79411.40486058159,55.871886183971085,18016.17358441187,1764841.8514127706,1588228.097211632,3353069.9486244023,0.2001372865228633
1000000.0,450.1985803664245,1.7000000000000002,474.5367941292435,-5729.550076624359,0.0001370933519096,79251.35713016712,55.35117228826133,9931.986477642167,1099219.126776107,1585027.1426033424,2684246.269379449,0.1498870165317235
1000000.0,399.6985803664245,3.0,419.1598044405128,-6039.278620546664,0.0002042453854933,114320.63480785277,79.8060255841139,11518.25402054628,1234800.645592168,2286412.696157055,3521213.341749223,0.1897990438993431
1750000.0,450.1985803664245,3.0,468.430366109212,-5767.375987475718,0.0001629717807362,79459.55576283236,55.69229735198748,13108.261283599868,1367910.822559392,1589191.115256647,2957101.937816039,0.1702931500348779
1000000.0,450.1985803664245,2.35,474.5367941292435,-5729.550076624359,0.0001370933519096,79251.35713016712,55.338613762432864,8794.181183563263,999972.1600515464,1585027.1426033424,2584999.302654889,0.1424147164777419
1000000.0,475.4485803664245,3.0,500.28645836478216,-5583.055297946537,1e-06,484935.4411659128,338.36857066538454,45415.33307334797,3766304.3321906473,9698708.823318256,13465013.155508904,0.6943110552889563
1000000.0,424.9485803664245,3.0,443.6116218395118,-5903.382206594552,0.0002116616561544,92164.95902032344,64.34529629287812,9413.505844030522,1054217.830982843,1843299.180406469,2897517.011389312,0.1574368470794875
1375000.0,450.1985803664245,3.0,468.5729984941888,-5764.969529381002,0.0001624429515077,79513.06642266807,55.622933841757096,10658.234296864335,1161667.583171619,1590261.3284533613,2751928.9116249806,0.1548104291737116
1000000.0,450.1985803664245,2.675,474.5367941292435,-5729.550076624359,0.0001370933519096,79251.35713016712,55.335449574517945,8444.134834122971,969060.1708025882,1585027.1426033424,2554087.3134059305,0.1400873540750731
1000000.0,462.8235803664245,3.0,488.1033901488336,-5652.553840910996,5.20499623385402e-05,80282.5296063465,56.05303602278504,8275.351845918543,954086.889615064,1605650.59212693,2559737.481741994,0.1398334318497744
1000000.0,437.5735803664245,3.0,456.9730491218061,-5828.602195521797,0.0001951449142028,84689.34079822288,59.12840941251861,8698.330709215406,991526.4281343037,1693786.8159644576,2685313.244098761,0.1463848753004947
1187500.0,450.1985803664245,3.0,471.4192242643537,-5748.028420275057,0.0001511519744076,79585.24627192365,55.61991593271346,9437.659448487742,1056322.3444904326,1591704.925438473,2648027.2699289056,0.1469401276755039
1000000.0,450.1985803664245,2.8375,474.5367941292435,-5729.550076624359,0.0001370933519096,79251.35713016712,55.33431411451467,8301.698182247517,956427.1525441478,1585027.1426033424,2541454.29514749,0.1391362146485506
1000000.0,456.5110803664245,3.0,482.0143928621758,-5687.163359468783,9.539622803279936e-05,78558.19463204872,54.84966349963357,8109.5436879659665,939332.8447749414,1571163.8926409744,2510496.737415916,0.1372620679371549
1000000.0,443.8860803664245,3.0,465.7669021274236,-5779.098262449706,0.0001722263380556,81574.88354799798,56.95493397528831,8399.508665216807,965105.641811816,1631497.6709599595,2596603.312771776,0.1417576725973957
1093750.0,450.1985803664245,3.0,472.90745599234265,-5739.188872581328,0.00014466872444,79468.2845443212,55.51150473645673,8810.791540378428,1001434.3511874884,1589365.690886424,2590800.0420739125,0.1427085449196783
1000000.0,450.1985803664245,2.91875,474.5367941292435,-5729.550076624359,0.0001370933519096,79251.35713016712,55.33383432626595,8237.018184019787,950679.8322895864,1585027.1426033424,2535706.9748929287,0.1387034991423165
1000000.0,453.3548303664245,3.0,478.9705648859434,-5704.432709341849,0.0001138050111679,78620.72474554142,54.89330192635002,8115.559504760862,939868.9338547934,1572414.4949108283,2512283.428765622,0.1373553938208902
1000000.0,447.0423303664245,3.0,470.12556537208127,-5754.494892915691,0.0001564605015467,80280.43487683737,56.05157416557845,8275.150526790567,954069.0027660616,1605608.6975367474,2559677.700302809,0.1398303108885348
1046875.0,450.1985803664245,3.0,473.6929615211912,-5734.534651657546,0.0001410800008515,79374.11961230317,55.432418698510425,8494.503710232166,973519.8238537788,1587482.392246063,2561002.216099842,0.1405271024706342
1000000.0,450.1985803664245,2.959375,474.5367941292435,-5729.550076624359,0.0001370933519096,79251.35713016712,55.333614085092336,8206.153277237116,947934.8619685156,1585027.1426033424,2532962.004571858,0.1384968304394308
1000000.0,451.7767053664245,3.0,476.73105091312567,-5717.125216489638,0.0001260708128876,78877.54148384745,55.072528713598814,8140.264563446295,942069.857861216,1577550.829676949,2519620.687538165,0.1377386281681123
1000000.0,448.6204553664245,3.0,472.3741684978703,-5741.784996246899,0.0001470389921746,79718.16659448722,55.65918133799949,8221.10314657052,949264.6215522628,1594363.3318897444,2543627.953442008,0.1389923412199474
1023437.5,450.1985803664245,3.0,474.17125127006193,-5731.723364090527,0.0001388372169276,79307.60170051886,55.3793221521336,8334.735262869428,959360.1599238068,1586152.0340103772,2545512.193934184,0.1394046804820571
1000000.0,450.1985803664245,2.9796875,474.5367941292435,-5729.550076624359,0.0001370933519096,79251.35713016712,55.33350861718355,8191.071708189493,946593.019721248,1585027.1426033424,2531620.1623245906,0.138395803191671
1000000.0,450.9876428664245,3.0,475.69734375677257,-5722.979904225076,0.0001313832918347,79042.22886970382,55.18746034447347,8156.104977461547,943480.5212263684,1580844.5773940764,2524325.0986204445,0.1379843291534359
1000000.0,449.4095178664245,3.0,473.5156938377045,-5735.32822961172,0.0001419001095046,79464.07362691528,55.481855995604,8196.672712928204,947091.3973524648,1589281.4725383057,2536372.8698907704,0.1386134994566321
1011718.75,450.1985803664245,3.0,474.4175753021244,-5730.277029728497,0.0001376649490115,79270.78072220304,55.35029201129545,8254.603620817285,952243.1028401206,1585415.6144440607,2537658.717284181,0.138837649734234
1000000.0,450.1985803664245,2.98984375,474.5367941292435,-5729.550076624359,0.0001370933519096,79251.35713016712,55.333457015558,8183.61652313321,945929.5777357102,1585027.1426033424,2530956.7203390524,0.1383458526717915
1000000.0,450.5931116164245,3.0,475.1823740854983,-5725.895662939156,0.0001339498296195,79133.8222905844,55.25138130531364,8164.91417386505,944264.8437421664,1582676.445811688,2526941.2895538546,0.1381209614936203
1000000.0,449.8040491164245,3.0,474.0256135014066,-5732.443020706976,0.0001395247957442,79355.23214919584,55.40589810457237,8186.206707007997,946160.0902323574,1587104.642983917,2533264.7332162745,0.1384511913398335
1005859.375,450.1985803664245,3.0,474.4118950949184,-5730.283080136383,0.0001376921139117,79270.81573756061,55.34865116233528,8216.347758636364,948841.6791189498,1585416.3147512125,2534257.993870162,0.1385815863402091
1000000.0,450.1985803664245,2.994921875,474.5367941292435,-5729.550076624359,0.0001370933519096,79251.35713016712,55.333431494074645,8179.910072047681,945599.7043977836,1585027.1426033424,2530626.847001126,0.1383210165217091
1000000.0,450.3958459914245,3.0,474.85894764857545,-5727.726592292989,0.0001355349110637,79191.92449954587,55.29192950078873,8170.502023702784,944762.2894351658,1583838.4899909175,2528600.7794260834,0.1382076274299009
1000000.0,450.0013147414245,3.0,474.34650062717645,-5730.627082115019,0.0001380044037994,79292.50392189872,55.362121544854354,8180.174554514306,945623.244022352,1585850.0784379744,2531473.3224603264,0.1383576406470226
1002929.6875,450.1985803664245,3.0,474.539658992327,-5729.546906104291,0.0001370795822314,79251.34293039312,55.33422869206744,8195.340938326,946972.9006241398,1585026.8586078624,2531999.7592320023,0.138424392381889
1000000.0,450.1985803664245,2.9974609375,474.5367941292435,-5729.550076624359,0.0001370933519096,79251.35713016712,55.33341880270245,8178.062099975027,945435.2269109702,1585027.1426033424,2530462.3695143126,0.1383086330184731
1000000.0,450.2972131789245,3.0,474.7638046140047,-5728.265154873932,0.0001359972845153,79211.6172128759,55.305672590460894,8172.395881183048,944930.8742335913,1584232.3442575182,2529163.2184911096,0.1382370001377224
1000000.0,450.0999475539245,3.0,474.4416472342162,-5730.088590582813,0.0001375497583488,79271.81706296375,55.34768466847252,8178.18518745166,945446.1824006888,1585436.3412592749,2530882.523659964,0.1383267876662318
1001464.84375,450.1985803664245,3.0,474.5382264946475,-5729.548491870964,0.0001370864675882,79251.35001024356,55.33381741106054,8185.77926472194,946122.0509113184,1585027.0002048714,2531149.05111619,0.1383603379386276
1000000.0,450.1985803664245,2.99873046875,474.5367941292435,-5729.550076624359,0.0001370933519096,79251.35713016712,55.33341247430125,8177.139423345349,945353.102623794,1585027.1426033424,2530380.245227136,0.13830244988426
1000000.0,450.2478967726744,3.0,474.58436768467305,-5729.280811211074,0.0001368644871405,79241.21268789125,55.32632658673749,8175.242048959217,945184.219458758,1584824.2537578251,2530008.473216583,0.1382811422129591
1000000.0,450.1492639601744,3.0,474.48922064574646,-5729.819336434806,0.0001373217754885,79261.55864576866,55.34052555793068,8177.198669852672,945358.3759942856,1585231.1729153732,2530589.5489096586,0.1383114877226342
1000732.421875,450.1985803664245,3.0,474.5375102954148,-5729.549284374321,0.0001370899098783,79251.35356519703,55.333611780813165,8180.998438057786,945696.5710599768,1585027.0713039406,2530723.642363917,0.13832830658916
1000000.0,450.1985803664245,2.999365234375,474.5367941292435,-5729.550076624359,0.0001370933519096,79251.35713016712,55.3334093144147,8176.678411888644,945312.0690519824,1585027.1426033424,2530339.211655325,0.1382993604683214
1000000.0,450.22323856954944,3.0,474.56058089796784,-5729.415444632972,0.0001369789747034,79246.27776407747,55.32986138580872,8175.729147196769,945227.5760871868,1584925.5552815497,2530153.1313687363,0.1382886967122412
1000000.0,450.1739221632994,3.0,474.5130073784991,-5729.684707229937,0.0001372076188184,79256.45076456659,55.33696088644548,8176.707459728634,945314.6545438037,1585129.0152913318,2530443.669835136,0.138303869499551
1000366.2109375,450.1985803664245,3.0,474.5371522081959,-5729.549680536593,0.0001370916309263,79251.35534643021,55.33350896825301,8178.608027259351,945483.8173746144,1585027.1069286042,2530510.9243032187,0.1383122898816413
1000000.0,450.1985803664245,2.9996826171875,474.5367941292435,-5729.550076624359,0.0001370933519096,79251.35713016712,55.33340773554905,8176.44798781323,945291.5594037442,1585027.1426033424,2530318.7020070865,0.1382978162977468
1000000.0,458.0069556113034,3.0,483.4571448436967,-5678.97044252416,8.593653288324892e-05,78686.43988397023,54.939163102115984,8121.881491748548,940432.2425291258,1573728.7976794047,2514161.0402085306,0.1374534668212416
1000000.0,458.0069556113034,3.0,483.4571448436967,-5678.97044252416,8.593653288324892e-05,78686.43988397023,54.939163102115984,8121.881491748548,940432.2425291258,1573728.7976794047,2514161.0402085306,0.1374534668212416
4000000.0,458.0069556113034,3.0,477.17427654236616,-5727.27889589032,0.0001237263110766,77692.76422672065,55.08023833713965,27275.387715620127,2473066.558776752,1553855.2845344131,4026921.843311165,0.2520037863849179
1000000.0,458.0069556113034,0.4,483.4571448436967,-5678.97044252416,8.593653288324892e-05,78686.43988397023,55.16387305711669,23836.220757524025,2215017.416854309,1573728.7976794047,3788746.2145337136,0.2334169323178376
1000000.0,357.00695561130345,3.0,377.7402026794609,-6266.076125269736,0.0001449158957817,185162.6134631128,129.23636756954846,18144.96585913891,1775018.953558619,3703252.269262256,5478271.222820874,0.2904760669057077
2500000.0,458.0069556113034,3.0,476.3463850154193,-5725.724956592525,0.0001280729733865,77658.06278719316,54.63884478069628,17630.66251804209,1734313.339279461,1553161.2557438633,3287474.595023324,0.196353694252611
1000000.0,458.0069556113034,1.7000000000000002,483.4571448436967,-5678.97044252416,8.593653288324892e-05,78686.43988397023,54.95677102027305,9864.98123202138,1093423.6439571043,1573728.7976794047,2667152.4416365093,0.1489721831596634
1000000.0,407.5069556113034,3.0,426.7251005901464,-5997.3887002225765,0.0002102915474093,106321.49948633256,74.22415642512853,10760.66875497214,1170423.4118121825,2126429.9897266515,3296853.401538834,0.1781767206930618
1750000.0,458.0069556113034,3.0,475.9534143459188,-5724.7292128559,0.0001300873751151,77647.20947507482,54.42262872461782,12821.911926124509,1344126.137763966,1552944.1895014965,2897070.3272654624,0.1669673229683933
1000000.0,458.0069556113034,2.35,483.4571448436967,-5678.97044252416,8.593653288324892e-05,78686.43988397023,54.94431927603604,8735.343908517903,994789.4412462884,1573728.7976794047,2568518.238925693,0.1415460180831435
1000000.0,483.2569556113034,3.0,507.8246735656579,-5539.887890463675,1e-06,1092913.9289915492,762.4536415795757,99378.86446413174,7243879.424788646,21858278.57983098,29102158.00461963,1.4711026397546496
1000000.0,432.7569556113034,3.0,451.16610722512974,-5861.104566043223,0.0002047020132166,87289.74613894583,60.94312661275293,8947.429765657702,1013446.8541982502,1745794.9227789163,2759241.7769771665,0.1502378379085167
1375000.0,458.0069556113034,3.0,479.4826481685477,-5703.15712008437,0.0001108508673588,78251.72616424333,54.74097726389953,10497.950445118911,1147941.5399614745,1565034.5232848665,2712976.063246341,0.1527086255597876
1000000.0,458.0069556113034,2.675,483.4571448436967,-5678.97044252416,8.593653288324892e-05,78686.43988397023,54.9411850885772,8387.838323008162,964070.9601205428,1573728.7976794047,2537799.757799948,0.1392332248991344
1000000.0,470.6319556113034,3.0,495.6376670082993,-5609.61362031659,1e-06,197041.10710231648,137.52413255096556,19245.051656660653,1861514.649305118,3940822.1420463296,5802336.791351448,0.3070495514032435
1000000.0,445.3819556113034,3.0,467.8436820306227,-5767.380947491134,0.0001651108841136,80930.90589600045,56.50552039679603,8337.65349047795,959619.1540802086,1618618.117920009,2578237.272000218,0.1407991383373044
1187500.0,458.0069556113034,3.0,482.3794475186534,-5685.896628698314,9.304837709666126e-05,78579.63512927585,54.91744699037604,9325.415759315914,1046535.6224521355,1571592.702585517,2618128.3250376526,0.1453515210307092
1000000.0,458.0069556113034,2.8375,483.4571448436967,-5678.97044252416,8.593653288324892e-05,78686.43988397023,54.940061220259565,8246.441831173212,951517.616635315,1573728.7976794047,2525246.41431472,0.1382880841830192
1000000.0,464.3194556113034,3.0,489.5465567167643,-5644.3386651631245,4.040430345444915e-05,81480.72932180611,56.88922650293357,8390.466459219911,964303.9870625284,1629614.5864361222,2593918.5734986505,0.1416175662811356
1000000.0,451.6944556113034,3.0,476.6517224720202,-5717.57460196873,0.0001264861807764,78889.89990496206,55.08115338094507,8141.453310694191,942175.735675714,1577797.9980992412,2519973.733774955,0.137757067435885
1093750.0,458.0069556113034,3.0,483.55352953180585,-5678.824275439585,8.528718955614819e-05,78715.10944760195,54.9856279105186,8732.539465284332,994542.279594632,1574302.188952039,2568844.468546671,0.1415516927580645
1000000.0,458.0069556113034,2.91875,483.4571448436967,-5678.97044252416,8.593653288324892e-05,78686.43988397023,54.93958655108384,8182.235671928482,945806.6848996128,1573728.7976794047,2519535.482579017,0.1378581083668776
1000000.0,461.1632056113034,3.0,486.501633355877,-5661.666279068197,6.434068274171998e-05,79454.8208552411,55.475398706518895,8195.78300963607,947012.2349306596,1589096.417104822,2536108.6520354813,0.1385997021121431
1000000.0,454.8507056113034,3.0,480.4131018688647,-5696.251019334401,0.0001053369738853,78541.89381902471,54.83828750963829,8107.975402055995,939193.0798951266,1570837.8763804943,2510030.956275621,0.1372377380602164
1046875.0,458.0069556113034,3.0,483.50526672072,-5678.897906994427,8.561261088327999e-05,78700.68421897595,54.96233023856545,8427.133462338625,967553.9720111096,1574013.684379519,2541567.6563906283,0.1395075258447474
1000000.0,458.0069556113034,2.959375,483.4571448436967,-5678.97044252416,8.593653288324892e-05,78686.43988397023,54.9393687175582,8151.597246736499,943079.1284731772,1573728.7976794047,2516807.926152582,0.1376527507554046
1000000.0,459.5850806113034,3.0,484.97933408423273,-5670.321300571764,7.542195184141292e-05,78969.60292914993,55.136776339514,8149.11966763802,942858.497235958,1579392.0585829986,2522250.555818957,0.1378759819467492
1000000.0,456.4288306113034,3.0,481.93506698166095,-5687.613687878455,9.590236175104363e-05,78554.48752975816,54.84707639201781,8109.187032526459,939301.060171316,1571089.750595163,2510390.810766479,0.1372565349153833
1023437.5,458.0069556113034,3.0,483.4811882944403,-5678.9343109782585,8.577475809460067e-05,78693.53963120122,54.95073049268695,8274.48837250666,954010.171066846,1573870.7926240242,2527880.9636908704,0.1384817620753101
1000000.0,458.0069556113034,2.9796875,483.4571448436967,-5678.97044252416,8.593653288324892e-05,78686.43988397023,54.9392644174374,8136.626434915726,941745.8072852032,1573728.7976794047,2515474.604964608,0.1375523650578495
1000000.0,458.7960181113034,3.0,484.2182256264061,-5674.646607568468,8.07489479304504e-05,78806.5343814374,55.022974427307815,8133.434268267535,941461.4609353568,1576130.687628748,2517592.148564105,0.1376326781179531
1000000.0,457.2178931113034,3.0,482.69609190524665,-5683.292803352679,9.098693604950024e-05,78603.8692347691,54.8815388275152,8113.937914345692,939724.4345074734,1572077.384695382,2511801.819202855,0.1373302376504168
1011718.75,458.0069556113034,3.0,483.4691622141482,-5678.952410733307,8.585569188555098e-05,78689.98417648813,54.94494277042053,8198.180174523106,947225.5226212837,1573799.6835297626,2521025.206151046,0.137967934659178
1000000.0,458.0069556113034,2.98984375,483.4571448436967,-5678.97044252416,8.593653288324892e-05,78686.43988397023,54.939213390926255,8129.2260225146,941086.5804500828,1573728.7976794047,2514815.3781294874,0.1375027318964721
1000000.0,458.4014868613034,3.0,483.83768176512217,-5676.808709165061,8.336002687604366e-05,78741.48629931395,54.97757879730821,8127.176919164655,940904.0309396707,1574829.725986279,2515733.75692595,0.1375356127277969
1000000.0,457.6124243613034,3.0,483.07661488331183,-5681.13180734774,8.847874383488787e-05,78640.75726397705,54.90728218955719,8117.486718356778,940040.6615434076,1572815.1452795411,2512855.8068229486,0.1373852909758003
1005859.375,458.0069556113034,3.0,483.46315244238207,-5678.961435114945,8.589612396364003e-05,78688.21063795513,54.94205193170447,8160.029646041121,943829.9678707828,1573764.2127591025,2517594.1806298853,0.1377107812727964
1000000.0,458.0069556113034,2.994921875,483.4571448436967,-5678.97044252416,8.593653288324892e-05,78686.43988397023,54.93918815483311,8125.546808086188,940758.80347574,1573728.7976794047,2514487.6011551446,0.1374780535815179
1000000.0,458.2042212363034,3.0,483.6474124356035,-5677.8896219041,8.465258409255999e-05,78712.75448497791,54.9575274904676,8124.4129607705,940657.7858376212,1574255.0896995582,2514912.8755371794,0.137492736751531
1000000.0,457.8096899863034,3.0,483.26687899204666,-5680.05117101034,8.721190793450101e-05,78662.4651628657,54.92243166345297,8119.575083754551,940226.7420371488,1573249.303257314,2513476.0452944627,0.1374176878202325
1002929.6875,458.0069556113034,3.0,483.4601483716788,-5678.965940942968,8.591633131576097e-05,78687.32491326815,54.94060726604121,8140.955272408722,942131.3773230452,1573746.498265363,2515877.875588408,0.1375821442406539
1000000.0,458.0069556113034,2.9974609375,483.4571448436967,-5678.97044252416,8.593653288324892e-05,78686.43988397023,54.93917560561773,8123.712417148963,940595.3713842524,1573728.7976794047,2514324.169063657,0.1374657487860532
1000000.0,458.1055884238034,3.0,483.5522784222847,-5678.430043747629,8.52956323709314e-05,78699.29997022913,54.948137877165664,8123.118639337496,940542.4685253324,1573985.999404583,2514528.467929915,0.1374726583798532
1000000.0,457.9083227988034,3.0,483.36201170017176,-5679.510818278397,8.657528996224161e-05,78674.16470094002,54.930596517908114,8120.700603017573,940327.0266725832,1573483.2940188004,2513810.3206913834,0.1374351478959158
1001464.84375,458.0069556113034,3.0,483.45864653988303,-5678.968192284907,8.592643282226535e-05,78686.88231174258,54.93988512139551,8131.41830799304,941281.878057186,1573737.6462348516,2515019.524292038,0.13751781058695
1000000.0,458.0069556113034,2.99873046875,483.4571448436967,-5678.97044252416,8.593653288324892e-05,78686.43988397023,54.93916934816076,8122.796521816596,940513.7691001634,1573728.7976794047,2514242.566779568,0.1374596049534311
1000000.0,458.0562720175534,3.0,483.5047115786283,-5678.700246011818,8.56163508269102e-05,78692.79622524479,54.943599054773095,8122.492976610544,940486.7242401747,1573855.9245048957,2514342.64874507,0.1374629526446126
1000000.0,457.9576392050534,3.0,483.4095782175295,-5679.240633299554,8.625617908136132e-05,78680.2297643314,54.934829194258256,8121.284071201128,940379.0133177154,1573604.5952866278,2513983.608604343,0.1374441991500027
1000732.421875,458.0069556113034,3.0,483.45789567484496,-5678.969317546094,8.593148303339476e-05,78686.66107614363,54.93952409608962,8126.649881353933,940857.0773385032,1573733.2215228726,2514590.298861376,0.1374856399690483
1000000.0,458.0069556113034,2.999365234375,483.4571448436967,-5678.97044252416,8.593653288324892e-05,78686.43988397023,54.93916622371286,8122.338898694423,940472.9963565072,1573728.7976794047,2514201.794035912,0.1374565351752336
1000000.0,458.0316138144284,3.0,483.4809281975682,-5678.835344990695,8.57765088711951e-05,78689.59970341755,54.94136827156114,8122.185469081111,940459.326195874,1573791.994068351,2514251.320264225,0.1374581823545118
1000000.0,457.9822974081784,3.0,483.43336151701607,-5679.105538627113,8.609642293075366e-05,78683.31661967069,54.93698344368841,8121.581030469593,940405.4719850784,1573666.332393414,2514071.8043784923,0.1374488058256169
1000366.2109375,458.0069556113034,3.0,483.4575202550354,-5678.969880079831,8.593400800347463e-05,78686.55047462946,54.93934359518678,8124.265681922583,940644.6641967236,1573731.0094925892,2514375.673689313,0.137469553711502
1000000.0,458.0069556113034,2.9996826171875,483.4571448436967,-5678.97044252416,8.593653288324892e-05,78686.43988397023,54.93916466255819,8122.110168208177,940452.6170790306,1573728.7976794047,2514181.4147584355,0.1374550008202682
1000000.0000000002,455.4875561412569,3.0,481.0272754828998,-5692.766146993245,0.0001015924716452,78534.15236760068,54.83288491542355,8107.230598744401,939126.7019649768,1570683.0473520136,2509809.7493169904,0.1372261833660258
1000000.0000000002,455.4875561412569,3.0,481.0272754828998,-5692.766146993245,0.0001015924716452,78534.15236760068,54.83288491542355,8107.230598744401,939126.7019649768,1570683.0473520136,2509809.7493169904,0.1372261833660258
4000000.0,455.4875561412569,3.0,474.77044338480334,-5741.024484341944,0.0001359650791623,78069.0647330281,55.346892384471786,27404.796166306376,2482677.3399740937,1561381.2946605622,4044058.634634656,0.2530461127660328
1000000.0000000002,455.4875561412569,0.4,481.0272754828998,-5692.766146993245,0.0001015924716452,78534.15236760068,55.05713574288743,23791.382960990013,2211617.753291408,1570683.0473520136,3782300.8006434217,0.2330319824279383
1000000.0000000002,354.48755614125685,3.0,375.293118398079,-6279.337662866319,0.0001409372326981,191373.814363956,133.5700104780985,18720.514927993783,1820367.449882236,3827476.28727912,5647843.737161356,0.2991513152708934
2500000.0,455.4875561412569,3.0,473.9264848273744,-5739.492467245067,0.0001399904608955,78081.72315391718,54.93678558391292,17723.830580634072,1741700.38754019,1561634.4630783435,3303334.850618534,0.1972687102440547
1000000.0000000002,455.4875561412569,1.7000000000000002,481.0272754828998,-5692.766146993245,0.0001015924716452,78534.15236760068,54.85045020931127,9846.915188161243,1091860.0489073244,1570683.0473520136,2662543.096259338,0.1487254707928088
1000000.0000000002,404.9875561412569,3.0,424.28449863619306,-6010.917987918461,0.0002086318568666,108779.37996546389,75.93929974823762,10993.710145897943,1190296.848275891,2175587.5993092773,3365884.4475851683,0.1817548452644774
1750000.0000000005,455.4875561412569,3.0,473.52627823911024,-5738.502031614984,0.0001418513101422,78092.41779670272,54.73452748944875,12892.272747625955,1349977.7502573105,1561848.3559340544,2911826.106191365,0.1677849874410982
1000000.0000000002,455.4875561412569,2.35,481.0272754828998,-5692.766146993245,0.0001015924716452,78534.15236760068,54.83802723654789,8719.479697564993,993391.137103896,1570683.0473520136,2564074.1844559098,0.1413117504619266
1000000.0000000002,480.7375561412569,3.0,505.3921889921701,-5553.83117791077,1e-06,873262.2398037303,609.2447381150383,79999.24007425088,6039130.044959658,17465244.796074606,23504374.841034263,1.1943494833268962
1000000.0000000002,430.2375561412569,3.0,448.7289843576134,-5874.758450528587,0.000207573917528,88769.66835546655,61.97589689176752,9089.037961890255,1025867.2922916756,1775393.367109331,2801260.6594010065,0.1524264841166751
1375000.0000000002,455.4875561412569,3.0,475.9373427078712,-5723.273839151467,0.0001301690970677,78421.71783020365,54.85983939444088,10519.557523928564,1149793.7036403702,1568434.356604073,2718228.060244443,0.1529920598747284
1000000.0000000002,455.4875561412569,2.675,481.0272754828998,-5692.766146993245,0.0001015924716452,78534.15236760068,54.83490113035024,8372.65900094061,962724.852359722,1570683.0473520136,2533407.8997117355,0.1390028871413451
1000000.0000000002,468.1125561412569,3.0,493.2064284901838,-5623.483945732916,8.326943799712258e-06,95028.0420968306,66.34327523103117,9686.681519738211,1077973.0704881137,1900560.841936612,2978533.912424725,0.1616504439207237
1000000.0000000002,442.8625561412569,3.0,464.2871729831073,-5787.440863018835,0.0001768756697287,82050.28902285057,57.286705154858055,8445.157110495651,969150.722601868,1641005.7804570114,2610156.50305888,0.1424649007245682
1187500.0000000002,455.4875561412569,3.0,478.7985209206993,-5706.22637440821,0.0001147848376366,78545.14492643428,54.893353834651606,9321.564990281277,1046199.5548321542,1570902.8985286856,2617102.45336084,0.1452970048963655
1000000.0000000002,455.4875561412569,2.8375,481.0272754828998,-5692.766146993245,0.0001015924716452,78534.15236760068,54.83378038399023,8231.542889802266,950192.9997576711,1570683.0473520136,2520876.047109685,0.1380593644729428
1000000.0000000002,461.8000561412569,3.0,487.1159863368625,-5658.171893840636,5.970421536502864e-05,79725.97070770174,55.66462763726876,8221.853433724793,949331.3484603948,1594519.4141540348,2543850.762614429,0.1390039752639669
1000000.0000000002,449.1750561412569,3.0,473.1614652532273,-5737.332160582746,0.000143521011526,79539.82184739673,55.53471886670479,8203.956119208926,947739.398747889,1590796.4369479346,2538535.835695824,0.1387264471097632
1093750.0000000002,455.4875561412569,3.0,480.40368474610136,-5696.711183136309,0.0001053937347238,78548.60892756325,54.86937483241552,8715.236150851271,993017.0375120614,1570972.178551265,2563989.216063326,0.141295829399326
1000000.0000000002,455.4875561412569,2.91875,481.0272754828998,-5692.766146993245,0.0001015924716452,78534.15236760068,54.83330709339411,8167.464455182495,944491.8831007184,1570683.0473520136,2515174.9304527324,0.1376301276336777
1000000.0000000002,458.6438061412569,3.0,484.07140923434514,-5675.480799933876,8.176042816353398e-05,78780.20967831044,55.00460299570277,8130.901973915405,941235.881652122,1575604.1935662087,2516840.0752183306,0.1375933969225103
1000000.0000000002,452.3313061412569,3.0,477.5436551798946,-5712.521086638773,0.0001217414523199,78768.83429130187,54.99666436258955,8129.807710367793,941138.4003133228,1575376.6858260375,2516515.0861393604,0.1375764224667708
1046875.0000000002,455.4875561412569,3.0,481.0760992593413,-5692.691973572577,0.0001012911819427,78542.57255165996,54.85196094025216,8411.312131007786,966151.906797322,1570851.4510331992,2537003.357830521,0.1392680419266533
1000000.0000000002,455.4875561412569,2.959375,481.0272754828998,-5692.766146993245,0.0001015924716452,78534.15236760068,54.83308990822263,8136.887078443756,941769.0237036912,1570683.0473520136,2512452.0710557047,0.1374251236613562
1000000.0000000002,457.0656811412569,3.0,482.5492862620051,-5684.12642689606,9.194557254493909e-05,78591.8784808481,54.87317073749247,8112.784329307778,939621.6363166072,1571837.569616962,2511459.205933569,0.1373123416659203
1000000.0000000002,453.9094311412569,3.0,479.5053782819197,-5701.399942820872,0.0001107184245411,78582.12826488899,54.86636627057303,8111.846291638298,939538.0443517364,1571642.56529778,2511180.609649516,0.1372977894800177
1023437.5000000002,455.4875561412569,3.0,481.051669339325,-5692.729199996198,0.0001014420050217,78538.34738336131,54.84241212048381,8259.25860567969,952656.8275430624,1570766.9476672262,2523423.7752102884,0.1382484191946999
1000000.0000000002,455.4875561412569,2.9796875,481.0272754828998,-5692.766146993245,0.0001015924716452,78534.15236760068,54.83298592256687,8121.946121327404,940438.0008856116,1570683.0473520136,2511121.048237625,0.1373249110079762
1000000.0000000002,456.2766186412569,3.0,481.7882667623012,-5688.447026392425,9.683521231151886e-05,78548.47371013842,54.84287947549973,8108.608449103907,939249.497229088,1570969.4742027684,2510218.9714318565,0.1372475589659621
1000000.0000000002,454.6984936412569,3.0,480.2663125976512,-5697.083786552752,0.0001062195005547,78546.14047572792,54.84125116091447,8108.383970432598,939229.4917013046,1570922.8095145584,2510152.301215863,0.1372440764729614
1011718.7500000002,455.4875561412569,3.0,481.0394679203852,-5692.747708326186,0.0001015172827427,78536.24612124158,54.83764582693658,8183.24142469853,945896.1950762508,1570724.9224248317,2516621.117501083,0.137737631659256
1000000.0000000002,455.4875561412569,2.98984375,481.0272754828998,-5692.766146993245,0.0001015924716452,78534.15236760068,54.83293505092205,8114.560472923892,939779.9109940276,1570683.0473520136,2510462.9583460414,0.1372753634470311
1000000.0000000002,455.8820873912569,3.0,481.4077675842328,-5690.606771668399,9.923025458065867e-05,78537.86322131539,54.835474641286645,8107.587619596436,939158.5202850896,1570757.2644263078,2509915.7847113973,0.1372317221038118
1000000.0000000002,455.0930248912569,3.0,480.6467904800828,-5694.925152039135,0.0001039221314867,78537.01169133607,54.834880376632825,8107.505694057712,939151.2189569796,1570740.233826721,2509891.452783701,0.1372304511309741
1005859.3750000002,455.4875561412569,3.0,481.0333705811733,-5692.756936347092,0.0001015548882775,78535.19830771664,54.83526469977952,8145.235218872663,942512.5623984472,1570703.9661543327,2513216.52855278,0.1374819905830573
1000000.0000000002,455.4875561412569,2.994921875,481.0272754828998,-5692.766146993245,0.0001015924716452,78534.15236760068,54.83290989167806,8110.888600146036,939452.6994670272,1570683.0473520136,2510135.7468190407,0.1372507277045841
1000000.0000000002,455.6848217662569,3.0,481.21752064761415,-5691.686505591477,0.0001004154494787,78535.16664622506,54.83359275890159,8107.328182467378,939135.3988171904,1570703.332924501,2509838.7317416915,0.1372276972578776
1000000.0000000002,455.2902905162569,3.0,480.8370320928124,-5693.845695814098,0.0001027613545299,78534.78018531333,54.83332305605173,8107.291001079232,939132.0851410236,1570695.6037062665,2509827.68884729,0.1372271204342902
1002929.6875000002,455.4875561412569,3.0,481.03032275219897,-5692.761543815936,0.0001015736827299,78534.67510371441,54.834074639920566,8126.232710787131,940819.911445087,1570693.5020742882,2511513.413519375,0.137354107802116
1000000.0000000002,455.4875561412569,2.9974609375,481.0272754828998,-5692.766146993245,0.0001015924716452,78534.15236760068,54.83289738074217,8109.057870007544,939289.5493475392,1570683.0473520136,2509972.5966995526,0.1372384441387796
1000000.0000000002,455.5861889537569,3.0,481.1223978435984,-5692.226337855662,0.0001010049800606,78534.45177564793,54.83309386593153,8107.25940479207,939129.269217908,1570689.035512959,2509818.3047308666,0.1372266302566142
1000000.0000000002,455.3889233287569,3.0,480.9321535658564,-5693.305932974423,0.0001021779284109,78534.26345565188,54.83296244141173,8107.241286526223,939127.654481758,1570685.2691130375,2509812.923594796,0.1372263491738919
1001464.8437500002,455.4875561412569,3.0,481.0287990476247,-5692.763845941032,0.0001015830778794,78534.4136772003,54.83347973577282,8116.731605284219,939973.3766205404,1570688.273544006,2510661.6501645464,0.1372901507984927
1000000.0000000002,455.4875561412569,2.99873046875,481.0272754828998,-5692.766146993245,0.0001015924716452,78534.15236760068,54.83289114238879,8108.143802575427,939208.087862084,1570683.0473520136,2509891.135214098,0.1372323109068809
1000000.0000000002,455.5368725475069,3.0,481.074836607812,-5692.496245300377,0.0001012989804663,78534.25045187306,54.83295336635106,8107.240035432648,939127.5429817725,1570685.0090374611,2509812.5520192333,0.1372263297647054
1000000.0000000002,455.4382397350069,3.0,480.9797144689006,-5693.036042874659,0.0001018854541195,78534.15690560358,54.832888082399215,8107.231035345687,939126.7408757722,1570683.1381120717,2509809.878987844,0.1372261901393611
1000732.4218750002,455.4875561412569,3.0,481.0280372477852,-5692.764996608699,0.0001015877749352,78534.28300778967,54.83318231512592,8111.981089646888,939550.05678412,1570685.6601557932,2510235.716939913,0.1372581683868076
1000000.0000000002,455.4875561412569,2.999365234375,481.0272754828998,-5692.766146993245,0.0001015924716452,78534.15236760068,54.83288802748368,8107.687092779533,939167.3854709704,1570683.0473520136,2509850.432822984,0.1372292464255234
1000000.0000000002,455.51221434438185,3.0,481.0510560314938,-5692.631196862067,0.0001014457896765,78534.18854354112,54.83291016184295,8107.234079231845,939127.0121530936,1570683.7708708225,2509810.783023916,0.1372262373615335
1000000.0000000002,455.4628979381319,3.0,481.0034949620317,-5692.901095634306,0.0001017390264379,78534.14184711932,54.832877573403344,8107.22958656881,939126.6117578266,1570682.8369423863,2509809.448700213,0.1372261676633588
1000366.2109375002,455.4875561412569,3.0,481.02765636097377,-5692.765571808423,0.0001015901233334,78534.21768404284,54.83303361265694,8109.605841104152,939338.38374895,1570684.353680857,2510022.737429807,0.1372421762026716
1000000.0000000002,455.4875561412569,2.9996826171875,481.0272754828998,-5692.766146993245,0.0001015924716452,78534.15236760068,54.83288647109808,8107.458818800584,939147.0413580812,1570683.0473520136,2509830.088710095,0.1372277147180984
